index_id,survived,passenger_class,name,sex,age,siblings_spouse_aboard,parents_children_aboard,purchase_fare,original_fare_value,total_passengers
ri_000001,0,3,Mr. Owen Harris Braund,male,22,,0,7.25,8.6275,2
ri_000002,1,1,Mrs. John Bradley (Florence Briggs Thayer) Cumings,,38,1,0,71.2833,81.263,2
ri_000003,1,3,Miss. Laina Heikkinen,,26,0,0,7.925,9.3515,
ri_000004,1,1,Mrs. Jacques Heath (Lily May Peel) Futrelle,female,35,1,0,,63.72,2
ri_000005,0,3,Mr. William Henry Allen,,,0,0,,8.9355,1
ri_000006,0,3,Mr. James Moran,,27,,0,8.4583,9.6425,1
ri_000007,0,1,Mr. Timothy J McCarthy,male,,,0,51.8625,57.0488,1
ri_000008,0,3,Master. Gosta Leonard Palsson,,2,,1,21.075,24.8685,5
ri_000009,1,3,Mrs. Oscar W (Elisabeth Vilhelmina Berg) Johnson,female,,0,2,11.1333,12.358,3
ri_000010,1,2,Mrs. Nicholas (Adele Achem) Nasser,female,,,0,30.0708,33.3786,2
ri_000011,1,3,Miss. Marguerite Rut Sandstrom,female,4,1,1,16.7,19.372,3
ri_000012,1,1,Miss. Elizabeth Bonnell,,,0,0,26.55,30.798,1
ri_000013,0,3,Mr. William Henry Saundercock,male,20,0,0,8.05,8.9355,1
ri_000014,0,,Mr. Anders Johan Andersson,male,39,1,5,,35.6535,7
ri_000015,0,,Miss. Hulda Amanda Adolfina Vestrom,female,14,0,0,,8.7967,1
ri_000016,1,,Mrs. (Mary D Kingcome) Hewlett,female,55,0,0,16,18.08,1
ri_000017,0,,Master. Eugene Rice,male,2,4,1,29.125,33.785,6
ri_000018,1,,Mr. Charles Eugene Williams,male,23,0,0,13,14.56,1
ri_000019,0,3,Mrs. Julius (Emelia Maria Vandemoortele) Vander Planke,female,31,,0,18,20.88,2
ri_000020,1,3,Mrs. Fatima Masselmani,female,22,0,,7.225,8.381,
ri_000021,0,2,Mr. Joseph J Fynney,,35,,0,26,29.64,1
ri_000022,1,2,Mr. Lawrence Beesley,male,34,0,0,13,15.08,
ri_000023,1,3,Miss. Anna McGowan,,15,,0,8.0292,9.5547,1
ri_000024,1,1,Mr. William Thompson Sloper,,28,0,0,35.5,39.76,
ri_000025,0,3,Miss. Torborg Danira Palsson,female,8,3,1,,23.1825,5
ri_000026,1,3,Mrs. Carl Oscar (Selma Augusta Emilia Johansson) Asplund,,,1,5,31.3875,37.0373,7
ri_000027,0,3,Mr. Farred Chehab Emir,male,26,0,0,7.225,7.9475,1
ri_000028,0,1,Mr. Charles Alexander Fortune,male,19,3,2,263,302.45,6
ri_000029,1,3,Miss. Ellen O'Dwyer,female,24,0,0,7.8792,8.9035,1
ri_000030,0,3,Mr. Lalio Todoroff,male,,0,0,,9.2381,1
ri_000031,0,1,Don. Manuel E Uruchurtu,,40,0,0,27.7208,32.1561,
ri_000032,1,1,Mrs. William Augustus (Marie Eugenie) Spencer,female,,1,0,146.5208,162.6381,2
ri_000033,1,3,Miss. Mary Agatha Glynn,female,,0,,7.75,8.9125,
ri_000034,0,2,Mr. Edward H Wheadon,male,66,0,,10.5,11.55,1
ri_000035,0,1,Mr. Edgar Joseph Meyer,male,28,1,0,82.1708,96.1398,
ri_000036,0,1,Mr. Alexander Oskar Holverson,male,42,,0,,58.76,2
ri_000037,1,3,Mr. Hanna Mamee,male,18,0,0,7.2292,7.9521,
ri_000038,0,3,Mr. Ernest Charles Cann,male,21,0,0,8.05,9.2575,1
ri_000039,0,3,Miss. Augusta Maria Vander Planke,female,18,2,0,18,19.98,3
ri_000040,1,3,Miss. Jamila Nicola-Yarred,female,14,,0,11.2417,13.1528,2
ri_000041,0,3,Mrs. Johan (Johanna Persdotter Larsson) Ahlin,female,40,1,0,,11.0858,2
ri_000042,0,2,Mrs. William John Robert (Dorothy Ann Wonnacott) Turpin,,27,1,0,21,24.36,2
ri_000043,1,2,Miss. Simonne Marie Anne Andree Laroche,female,,1,2,41.5792,47.4003,
ri_000044,1,3,Miss. Margaret Delia Devaney,female,19,0,0,,8.9823,1
ri_000045,0,3,Mr. William John Rogers,male,30,,0,8.05,9.499,1
ri_000046,0,3,Mr. Denis Lennon,,20,1,0,15.5,17.67,2
ri_000047,1,3,Miss. Bridget O'Driscoll,,,,0,7.75,9.0675,1
ri_000048,0,3,Mr. Youssef Samaan,male,,2,0,21.6792,25.5815,3
ri_000049,0,3,Mrs. Josef (Josefine Franchi) Arnold-Franchi,,18,1,0,17.8,21.004,2
ri_000050,0,3,Master. Juha Niilo Panula,male,7,4,1,39.6875,44.8469,6
ri_000051,0,3,Mr. Richard Cater Nosworthy,male,21,0,0,7.8,9.204,1
ri_000052,1,1,Mrs. Henry Sleeper (Myna Haxtun) Harper,female,49,1,0,76.7292,85.9367,2
ri_000053,1,2,Mrs. Lizzie (Elizabeth Anne Wilkinson) Faunthorpe,female,29,1,0,,30.68,2
ri_000054,0,1,Mr. Engelhart Cornelius Ostby,male,65,0,1,61.9792,68.1771,
ri_000055,1,1,Mr. Hugh Woolner,male,46,0,0,35.5,39.405,1
ri_000056,1,2,Miss. Emily Rugg,female,21,0,0,10.5,12.285,
ri_000057,0,3,Mr. Mansouer Novel,male,28.5,0,0,7.2292,8.6027,1
ri_000058,1,2,Miss. Constance Mirium West,female,5,,2,,33.0225,4
ri_000059,0,3,Master. William Frederick Goodwin,male,11,5,2,46.9,54.873,8
ri_000060,0,3,Mr. Orsen Sirayanian,male,22,0,0,,8.5305,
ri_000061,1,1,Miss. Amelie Icard,female,38,0,0,80,88.8,1
ri_000062,0,1,Mr. Henry Birkhardt Harris,male,45,1,0,,94.3268,2
ri_000063,0,3,Master. Harald Skoog,male,4,3,2,,30.969,6
ri_000064,0,1,Mr. Albert A Stewart,male,64,0,0,27.7208,32.1561,1
ri_000065,1,3,Master. Gerios Moubarek,male,,1,1,15.2458,16.7704,
ri_000066,1,2,Mrs. (Elizabeth Ramell) Nye,female,29,0,0,10.5,12.495,1
ri_000067,0,3,Mr. Ernest James Crease,male,19,0,0,8.1583,9.5452,1
ri_000068,1,3,Miss. Erna Alexandra Andersson,,17,,2,7.925,9.0345,7
ri_000069,0,3,Mr. Vincenz Kink,male,26,2,0,8.6625,9.6154,3
ri_000070,0,2,Mr. Stephen Curnow Jenkin,male,,0,0,10.5,11.655,1
ri_000071,0,3,Miss. Lillian Amy Goodwin,,16,5,2,46.9,54.873,
ri_000072,0,2,Mr. Ambrose Jr Hood,male,21,0,0,,84.525,1
ri_000073,0,3,Mr. Apostolos Chronopoulos,,26,1,0,14.4542,16.7669,2
ri_000074,1,3,Mr. Lee Bing,male,32,0,0,56.4958,64.9702,1
ri_000075,0,3,Mr. Sigurd Hansen Moen,,25,0,0,7.65,9.027,1
ri_000076,0,3,Mr. Ivan Staneff,male,23,,0,7.8958,8.8433,1
ri_000077,0,3,Mr. Rahamin Haim Moutal,,28,0,0,8.05,9.0965,
ri_000078,1,2,Master. Alden Gates Caldwell,male,0.83,0,2,29,34.22,3
ri_000079,1,3,Miss. Elizabeth Dowdell,female,30,0,0,12.475,14.2215,1
ri_000080,0,3,Mr. Achille Waelens,male,,0,0,9,9.99,1
ri_000081,1,3,Mr. Jan Baptist Sheerlinck,male,29,0,0,9.5,10.545,
ri_000082,1,3,Miss. Brigdet Delia McDermott,female,31,0,0,7.7875,9.0335,1
ri_000083,0,,Mr. Francisco M Carrau,male,28,0,0,47.1,54.636,1
ri_000084,1,2,Miss. Bertha Ilett,female,17,0,0,10.5,11.55,1
ri_000085,1,3,Mrs. Karl Alfred (Maria Mathilda Gustafsson) Backstrom,female,33,,0,15.85,17.435,
ri_000086,0,3,Mr. William Neal Ford,male,16,1,3,34.375,41.25,5
ri_000087,,3,Mr. Selman Francis Slocovski,male,20,0,0,8.05,9.016,1
ri_000088,1,1,Miss. Mabel Helen Fortune,female,23,3,2,263,289.3,6
ri_000089,0,3,Mr. Francesco Celotti,male,24,0,0,8.05,9.499,1
ri_000090,0,3,Mr. Emil Christmann,male,29,0,0,8.05,8.9355,1
ri_000091,0,,Mr. Paul Edvin Andreasson,male,20,,0,7.8542,8.9538,1
ri_000092,0,1,Mr. Herbert Fuller Chaffee,male,46,1,0,61.175,68.516,2
ri_000093,0,,Mr. Bertram Frank Dean,male,26,1,2,20.575,22.6325,
ri_000094,0,,Mr. Daniel Coxon,male,59,0,0,7.25,8.7,1
ri_000095,0,3,Mr. Charles Joseph Shorney,,22,0,0,8.05,9.338,1
ri_000096,0,1,Mr. George B Goldschmidt,male,,0,0,34.6542,39.1592,1
ri_000097,1,1,Mr. William Bertram Greenfield,,23,0,1,63.3583,69.6941,2
ri_000098,1,,Mrs. John T (Ada Julia Bone) Doling,female,34,0,1,23,25.3,2
ri_000099,0,,Mr. Sinai Kantor,male,34,1,0,26,28.6,2
ri_000100,0,,Miss. Matilda Petranec,female,28,0,0,7.8958,9.0802,1
ri_000101,0,,Mr. Pastcho Petroff,male,29,0,0,7.8958,9.396,1
ri_000102,0,1,Mr. Richard Frasar White,male,21,,1,77.2875,87.3349,2
ri_000103,0,3,Mr. Gustaf Joel Johansson,male,,0,0,8.6542,9.6062,1
ri_000104,0,3,Mr. Anders Vilhelm Gustafsson,,37,2,0,7.925,9.0345,
ri_000105,0,3,Mr. Stoytcho Mionoff,male,,0,0,7.8958,9.2381,1
ri_000106,1,3,Miss. Anna Kristine Salkjelsvik,female,21,0,0,7.65,8.568,1
ri_000107,1,3,Mr. Albert Johan Moss,male,,0,0,7.775,8.7858,1
ri_000108,0,3,Mr. Tido Rekic,male,38,0,0,7.8958,9.0802,1
ri_000109,1,,Miss. Bertha Moran,female,28,,0,24.15,28.014,2
ri_000110,0,,Mr. Walter Chamberlain Porter,male,47,0,0,52,58.76,1
ri_000111,0,3,Miss. Hileni Zabour,female,14.5,1,0,14.4542,16.1887,2
ri_000112,0,,Mr. David John Barton,male,,0,0,8.05,9.4185,
ri_000113,0,3,Miss. Katriina Jussila,female,20,1,0,9.825,11.4953,2
ri_000114,0,3,Miss. Malake Attalah,female,17,0,0,14.4583,16.9162,1
ri_000115,0,3,Mr. Edvard Pekoniemi,male,21,0,0,7.925,8.7968,1
ri_000116,0,3,Mr. Patrick Connors,male,70.5,0,0,7.75,8.68,1
ri_000117,0,2,Mr. William John Robert Turpin,,29,1,,21,23.73,2
ri_000118,0,1,Mr. Quigg Edmond Baxter,male,24,,1,247.5208,274.7481,2
ri_000119,0,3,Miss. Ellis Anna Maria Andersson,female,2,4,2,31.275,35.028,
ri_000120,0,2,Mr. Stanley George Hickman,male,21,2,0,73.5,85.26,3
ri_000121,0,3,Mr. Leonard Charles Moore,male,19,0,0,8.05,9.0965,1
ri_000122,0,2,Mr. Nicholas Nasser,male,32.5,,0,30.0708,33.3786,2
ri_000123,1,,Miss. Susan Webber,female,,0,,13,14.3,1
ri_000124,0,,Mr. Percival Wayland White,male,54,0,1,77.2875,85.7891,2
ri_000125,1,,Master. Elias Nicola-Yarred,male,12,1,0,11.2417,13.2652,2
ri_000126,0,3,Mr. Martin McMahon,male,19,0,0,7.75,8.525,1
ri_000127,1,3,Mr. Fridtjof Arne Madsen,male,24,0,0,7.1417,8.4986,1
ri_000128,1,3,Miss. Anna Peter,female,2,1,1,22.3583,24.8177,3
ri_000129,0,3,Mr. Johan Ekstrom,male,45,0,0,6.975,7.812,
ri_000130,0,3,Mr. Jozef Drazenoic,male,33,0,,7.8958,9.317,1
ri_000131,0,3,Mr. Domingos Fernandeo Coelho,male,20,,0,7.05,7.896,
ri_000132,0,3,Mrs. Alexander A (Grace Charity Laury) Robins,female,47,1,0,14.5,17.4,2
ri_000133,1,2,Mrs. Leopold (Mathilde Francoise Pede) Weisz,female,29,1,0,26,28.6,
ri_000134,0,2,Mr. Samuel James Hayden Sobey,male,,0,0,13,14.3,1
ri_000135,0,2,Mr. Emile Richard,male,23,0,0,15.0458,17.9045,1
ri_000136,1,1,Miss. Helen Monypeny Newsom,female,19,0,,26.2833,30.7515,3
ri_000137,0,1,Mr. Jacques Heath Futrelle,male,37,1,,53.1,63.72,2
ri_000138,0,3,Mr. Olaf Elon Osen,male,16,0,0,9.2167,10.4149,1
ri_000139,0,1,Mr. Victor Giglio,male,,0,0,79.2,93.456,1
ri_000140,0,3,Mrs. Joseph (Sultana) Boulos,female,40,,2,15.2458,17.5327,3
ri_000141,1,3,Miss. Anna Sofia Nysten,female,22,0,,7.75,8.99,1
ri_000142,1,3,Mrs. Pekka Pietari (Elin Matilda Dolck) Hakkarainen,female,24,1,0,15.85,18.069,2
ri_000143,0,3,Mr. Jeremiah Burke,male,19,0,0,,7.8975,1
ri_000144,0,2,Mr. Edgardo Samuel Andrew,male,18,0,0,11.5,13.34,1
ri_000145,0,2,Mr. Joseph Charles Nicholls,male,19,1,1,,44.1,3
ri_000146,1,3,Mr. August Edvard Andersson,male,27,0,0,7.7958,9.355,1
ri_000147,0,3,Miss. Robina Maggie Ford,female,9,2,2,,40.2188,5
ri_000148,0,2,Mr. Michel Navratil,male,,0,2,26,30.68,3
ri_000149,0,2,Rev. Thomas Roussel Davids Byles,male,42,,0,13,14.3,1
ri_000150,0,2,Rev. Robert James Bateman,male,51,0,0,12.525,14.1533,1
ri_000151,1,1,Mrs. Thomas (Edith Wearne) Pears,female,22,1,0,66.6,77.256,2
ri_000152,0,3,Mr. Alfonzo Meo,male,55.5,0,0,8.05,9.66,1
ri_000153,0,3,Mr. Austin Blyler van Billiard,male,40.5,0,2,14.5,15.95,3
ri_000154,0,3,Mr. Ole Martin Olsen,male,27,0,0,7.3125,8.775,1
ri_000155,0,1,Mr. Charles Duane Williams,male,51,0,1,61.3792,71.1999,2
ri_000156,1,3,Miss. Katherine Gilnagh,female,16,,0,7.7333,8.9706,1
ri_000157,0,3,Mr. Harry Corn,male,30,0,0,8.05,9.2575,1
ri_000158,0,3,Mr. Mile Smiljanic,male,37,0,0,,9.702,1
ri_000159,0,3,Master. Thomas Henry Sage,male,5,8,2,69.55,78.5915,11
ri_000160,0,3,Mr. John Hatfield Cribb,male,44,0,1,16.1,19.32,2
ri_000161,1,2,Mrs. James (Elizabeth Inglis Milne) Watt,female,40,0,0,,18.27,1
ri_000162,0,3,Mr. John Viktor Bengtsson,male,26,0,0,7.775,8.7858,1
ri_000163,0,3,Mr. Jovo Calic,male,,0,0,,10.3084,1
ri_000164,0,3,Master. Eino Viljami Panula,male,1,,1,39.6875,46.8313,6
ri_000165,1,3,Master. Frank John William Goldsmith,male,9,0,2,20.525,24.4248,3
ri_000166,1,1,Mrs. (Edith Martha Bowerman) Chibnall,female,48,0,1,55,65.45,2
ri_000167,0,3,Mrs. William (Anna Bernhardina Karlsson) Skoog,female,45,1,4,27.9,30.69,6
ri_000168,0,1,Mr. John D Baumann,male,,0,0,25.925,29.036,
ri_000169,0,3,Mr. Lee Ling,male,28,0,0,56.4958,66.665,1
ri_000170,0,1,Mr. Wyckoff Van der hoef,male,61,0,0,33.5,37.52,1
ri_000171,0,3,Master. Arthur Rice,male,4,4,1,29.125,32.3288,
ri_000172,1,3,Miss. Eleanor Ileen Johnson,female,,1,1,11.1333,12.692,3
ri_000173,0,3,Mr. Antti Wilhelm Sivola,male,21,,0,,8.7175,1
ri_000174,0,1,Mr. James Clinch Smith,male,56,0,0,30.6958,34.6863,1
ri_000175,0,3,Mr. Klas Albin Klasen,male,18,1,1,7.8542,9.3465,3
ri_000176,0,3,Master. Henry Forbes Lefebre,male,5,3,1,25.4667,30.3054,5
ri_000177,0,1,Miss. Ann Elizabeth Isham,female,50,0,0,28.7125,33.8808,
ri_000178,0,2,Mr. Reginald Hale,male,30,0,0,13,14.69,
ri_000179,0,3,Mr. Lionel Leonard,male,36,0,0,,0,
ri_000180,0,3,Miss. Constance Gladys Sage,female,8,8,2,69.55,78.5915,11
ri_000181,0,2,Mr. Rene Pernot,,39,0,0,15.05,17.157,1
ri_000182,0,3,Master. Clarence Gustaf Hugo Asplund,male,9,4,2,,34.5263,7
ri_000183,1,2,Master. Richard F Becker,,1,2,1,39,44.46,4
ri_000184,1,3,Miss. Luise Gretchen Kink-Heilmann,female,4,0,2,22.025,24.8883,3
ri_000185,0,1,Mr. Hugh Roscoe Rood,,39,0,0,50,58,1
ri_000186,1,3,Mrs. Thomas (Johanna Godfrey) O'Brien,female,26,1,0,15.5,17.515,2
ri_000187,1,1,Mr. Charles Hallace Romaine,male,45,0,0,26.55,30.267,1
ri_000188,0,3,Mr. John Bourke,male,40,1,1,,17.515,3
ri_000189,0,3,Mr. Stjepan Turcin,male,,0,0,7.8958,8.9223,1
ri_000190,1,2,Mrs. (Rosa) Pinsky,female,32,0,0,13,15.08,1
ri_000191,0,2,Mr. William Carbines,male,,0,0,13,15.21,1
ri_000192,1,3,Miss. Carla Christine Nielsine Andersen-Jensen,female,19,1,0,7.8542,8.7967,2
ri_000193,1,2,Master. Michel M Navratil,male,,1,1,26,31.2,3
ri_000194,1,1,Mrs. James Joseph (Margaret Tobin) Brown,female,,0,0,27.7208,30.4929,
ri_000195,1,1,Miss. Elise Lurette,female,58,,0,146.5208,165.5685,1
ri_000196,0,3,Mr. Robert Mernagh,male,28,0,0,7.75,9.3,1
ri_000197,0,3,Mr. Karl Siegwart Andreas Olsen,male,42,0,1,8.4042,9.5808,2
ri_000198,1,3,Miss. Margaret Madigan,female,21,,0,,8.99,1
ri_000199,0,2,Miss. Henriette Yrois,female,24,0,0,13,14.69,1
ri_000200,0,3,Mr. Nestor Cyriel Vande Walle,male,,0,0,9.5,11.21,1
ri_000201,0,3,Mr. Frederick Sage,male,17,8,2,69.55,79.287,11
ri_000202,0,3,Mr. Jakob Alfred Johanson,male,34,0,0,,7.6001,1
ri_000203,0,3,Mr. Gerious Youseff,male,,0,0,7.225,8.092,1
ri_000204,1,3,Mr. Gurshon Cohen,male,,0,0,,8.855,
ri_000205,0,3,Miss. Telma Matilda Strom,female,2,,1,10.4625,12.1365,2
ri_000206,0,3,Mr. Karl Alfred Backstrom,male,,1,0,15.85,17.9105,2
ri_000207,1,3,Mr. Nassef Cassem Albimona,male,26,0,0,18.7875,21.9814,1
ri_000208,1,3,Miss. Helen Carr,female,16,0,0,7.75,8.68,1
ri_000209,1,1,Mr. Henry Blank,male,40,0,0,31,35.34,
ri_000210,0,3,Mr. Ahmed Ali,male,24,0,0,7.05,8.46,1
ri_000211,1,2,Miss. Clear Annie Cameron,female,35,0,0,21,23.31,1
ri_000212,0,3,Mr. John Henry Perkin,male,22,0,0,7.25,7.975,1
ri_000213,0,2,Mr. Hans Kristensen Givard,male,30,0,0,13,15.34,1
ri_000214,0,3,Mr. Philip Kiernan,male,22,1,0,7.75,9.3,2
ri_000215,1,1,Miss. Madeleine Newell,female,31,1,0,113.275,132.5318,2
ri_000216,1,3,Miss. Eliina Honkanen,female,27,0,0,7.925,8.7968,1
ri_000217,0,2,Mr. Sidney Samuel Jacobsohn,male,42,1,0,27,30.78,2
ri_000218,1,1,Miss. Albina Bazzani,female,32,0,0,76.2917,89.2613,1
ri_000219,0,2,Mr. Walter Harris,male,30,0,0,10.5,12.285,1
ri_000220,1,3,Mr. Victor Francis Sunderland,male,16,0,0,8.05,9.4185,1
ri_000221,0,2,Mr. James H Bracken,male,27,0,0,,14.3,1
ri_000222,0,3,Mr. George Henry Green,male,51,0,0,8.05,9.4185,1
ri_000223,0,3,Mr. Christo Nenkoff,male,22,0,0,7.8958,9.0802,
ri_000224,1,1,Mr. Frederick Maxfield Hoyt,male,38,1,0,90,106.2,2
ri_000225,0,3,Mr. Karl Ivar Sven Berglund,male,22,0,,9.35,10.472,1
ri_000226,1,2,Mr. William John Mellors,male,19,0,0,,11.97,1
ri_000227,0,3,Mr. John Hall Lovell,male,20.5,0,0,7.25,8.265,1
ri_000228,0,2,Mr. Arne Jonas Fahlstrom,male,18,0,0,13,14.3,1
ri_000229,0,3,Miss. Mathilde Lefebre,female,12,3,,25.4667,28.0134,5
ri_000230,,1,Mrs. Henry Birkhardt (Irene Wallach) Harris,female,35,1,,83.475,99.3353,2
ri_000231,0,3,Mr. Bengt Edvin Larsson,male,29,0,0,7.775,9.019,1
ri_000232,0,2,Mr. Ernst Adolf Sjostedt,male,,0,0,13.5,15.39,1
ri_000233,1,3,Miss. Lillian Gertrud Asplund,female,,4,2,31.3875,34.5263,7
ri_000234,0,2,Mr. Robert William Norman Leyson,male,24,0,0,10.5,11.55,1
ri_000235,0,3,Miss. Alice Phoebe Harknett,female,,0,,7.55,8.305,1
ri_000236,0,2,Mr. Stephen Hold,male,,1,0,26,29.38,
ri_000237,1,2,Miss. Marjorie Collyer,female,,0,2,26.25,28.875,3
ri_000238,0,2,Mr. Frederick William Pengelly,male,,0,0,10.5,11.76,1
ri_000239,0,2,Mr. George Henry Hunt,male,,,0,12.275,13.748,1
ri_000240,0,3,Miss. Thamine Zabour,female,19,1,0,14.4542,17.345,2
ri_000241,1,3,Miss. Katherine Murphy,female,18,1,0,15.5,17.98,2
ri_000242,0,2,Mr. Reginald Charles Coleridge,male,29,,0,,11.865,1
ri_000243,0,3,Mr. Matti Alexanteri Maenpaa,male,22,0,0,7.125,8.0513,1
ri_000244,0,3,Mr. Sleiman Attalah,male,30,,0,7.225,8.5255,1
ri_000245,0,1,Dr. William Edward Minahan,male,44,2,0,90,100.8,3
ri_000246,0,3,Miss. Agda Thorilda Viktoria Lindahl,female,25,0,,7.775,8.708,1
ri_000247,1,2,Mrs. William (Anna) Hamalainen,female,24,0,2,14.5,16.675,
ri_000248,1,1,Mr. Richard Leonard Beckwith,male,37,1,1,52.5542,58.3352,3
ri_000249,0,2,Rev. Ernest Courtenay Carter,male,54,1,0,26,30.94,2
ri_000250,0,3,Mr. James George Reed,male,18,0,0,,8.265,1
ri_000251,0,3,Mrs. Wilhelm (Elna Matilda Persson) Strom,female,29,1,1,10.4625,11.9273,3
ri_000252,0,1,Mr. William Thomas Stead,male,62,0,0,26.55,31.329,1
ri_000253,0,3,Mr. William Arthur Lobb,male,30,1,0,16.1,18.354,2
ri_000254,0,3,Mrs. Viktor (Helena Wilhelmina) Rosblom,female,41,0,2,20.2125,24.255,3
ri_000255,1,3,Mrs. Darwis (Hanne Youssef Razi) Touma,female,29,0,2,15.2458,17.0753,3
ri_000256,1,1,Mrs. Gertrude Maybelle Thorne,female,38,0,0,79.2,94.248,1
ri_000257,1,1,Miss. Gladys Cherry,female,30,0,0,86.5,100.34,1
ri_000258,1,1,Miss. Anna Ward,female,35,0,0,512.3292,599.4252,
ri_000259,1,2,Mrs. (Lutie Davis) Parrish,female,50,0,1,,30.68,2
ri_000260,1,3,Master. Edvin Rojj Felix Asplund,male,3,,,31.3875,37.0373,7
ri_000261,0,1,Mr. Emil Taussig,male,52,1,1,79.65,89.208,3
ri_000262,0,1,Mr. William Harrison,male,40,0,0,0,0,1
ri_000263,0,3,Miss. Delia Henry,female,21,0,0,7.75,9.3,1
ri_000264,0,2,Mr. David Reeves,male,36,0,0,10.5,11.655,1
ri_000265,0,3,Mr. Ernesti Arvid Panula,male,16,4,1,39.6875,46.0375,
ri_000266,1,3,Mr. Ernst Ulrik Persson,male,25,1,,7.775,9.1745,2
ri_000267,1,1,Mrs. William Thompson (Edith Junkins) Graham,female,58,0,,153.4625,170.3434,2
ri_000268,1,1,Miss. Amelia Bissette,female,35,0,0,135.6333,154.622,1
ri_000269,0,1,Mr. Alexander Cairns,male,28,0,,31,36.89,1
ri_000270,1,3,Mr. William Henry Tornquist,male,25,0,0,0,0,1
ri_000271,1,2,Mrs. (Elizabeth Anne Maidment) Mellinger,female,41,0,1,19.5,23.01,2
ri_000272,0,1,Mr. Charles H Natsch,male,37,0,1,29.7,34.749,
ri_000273,1,3,Miss. Hanora Healy,female,33,,0,7.75,8.7575,
ri_000274,1,1,Miss. Kornelia Theodosia Andrews,female,63,1,0,77.9583,86.5337,
ri_000275,0,3,Miss. Augusta Charlotta Lindblom,female,45,0,0,7.75,8.68,1
ri_000276,0,2,Mr. Francis Parkes,male,21,0,0,0,0,
ri_000277,0,3,Master. Eric Rice,male,7,4,1,29.125,32.62,6
ri_000278,1,3,Mrs. Stanton (Rosa Hunt) Abbott,female,35,1,1,20.25,23.49,3
ri_000279,0,3,Mr. Frank Duane,male,65,0,0,7.75,8.6025,1
ri_000280,0,3,Mr. Nils Johan Goransson Olsson,male,28,0,0,7.8542,9.425,1
ri_000281,0,3,Mr. Alfons de Pelsmaeker,male,16,,0,9.5,11.115,1
ri_000282,1,3,Mr. Edward Arthur Dorking,male,19,0,0,8.05,8.855,1
ri_000283,0,1,Mr. Richard William Smith,male,57,0,0,26,29.38,1
ri_000284,0,3,Mr. Ivan Stankovic,male,33,0,0,8.6625,9.7886,1
ri_000285,1,3,Mr. Theodore de Mulder,male,30,0,0,9.5,10.545,1
ri_000286,0,3,Mr. Penko Naidenoff,male,22,0,0,7.8958,9.1591,1
ri_000287,1,2,Mr. Masabumi Hosono,male,42,0,0,13,15.21,1
ri_000288,1,3,Miss. Kate Connolly,female,22,0,0,7.75,9.145,1
ri_000289,1,1,Miss. Ellen Barber,female,26,0,0,78.85,86.735,1
ri_000290,1,1,Mrs. Dickinson H (Helen Walton) Bishop,female,19,1,0,91.0792,106.5627,2
ri_000291,0,2,Mr. Rene Jacques Levy,male,36,0,0,12.875,15.1925,1
ri_000292,0,3,Miss. Aloisia Haas,female,24,0,0,8.85,10.5315,1
ri_000293,0,3,Mr. Ivan Mineff,male,24,0,0,7.8958,8.6854,1
ri_000294,0,1,Mr. Ervin G Lewy,male,30,0,0,27.7208,31.8789,1
ri_000295,0,3,Mr. Mansour Hanna,male,23.5,0,0,7.2292,8.0244,1
ri_000296,0,1,Miss. Helen Loraine Allison,female,2,1,2,151.55,171.2515,4
ri_000297,1,1,Mr. Adolphe Saalfeld,male,47,0,0,30.5,33.855,1
ri_000298,1,1,Mrs. James (Helene DeLaudeniere Chaput) Baxter,female,50,0,1,,294.5498,2
ri_000299,1,3,Miss. Anna Katherine Kelly,female,20,0,0,7.75,9.2225,1
ri_000300,1,3,Mr. Bernard McCoy,male,24,2,0,,27.2025,3
ri_000301,0,3,Mr. William Cahoone Jr Johnson,male,19,0,0,,0,1
ri_000302,1,2,Miss. Nora A Keane,female,46,0,0,,14.2025,1
ri_000303,0,3,Mr. Howard Hugh Williams,male,28,0,0,8.05,8.855,1
ri_000304,1,1,Master. Hudson Trevor Allison,male,0.92,1,2,151.55,178.829,4
ri_000305,1,1,Miss. Margaret Fleming,female,42,0,0,110.8833,131.9511,1
ri_000306,1,1,Mrs. Victor de Satode (Maria Josefa Perez de Soto y Vallejo) Penasco y Castellana,female,17,1,0,108.9,120.879,2
ri_000307,0,2,Mr. Samuel Abelson,male,30,1,0,24,27.6,2
ri_000308,1,1,Miss. Laura Mabel Francatelli,female,30,0,0,56.9292,64.8993,1
ri_000309,1,1,Miss. Margaret Bechstein Hays,female,24,0,0,83.1583,91.4741,1
ri_000310,1,1,Miss. Emily Borie Ryerson,female,18,2,2,262.375,314.85,5
ri_000311,0,2,Mrs. William (Anna Sylfven) Lahtinen,female,26,1,1,26,30.16,3
ri_000312,0,3,Mr. Ignjac Hendekovic,male,28,,0,7.8958,9.475,1
ri_000313,0,2,Mr. Benjamin Hart,male,43,1,1,26.25,31.2375,3
ri_000314,1,3,Miss. Helmina Josefina Nilsson,female,26,,0,7.8542,9.425,1
ri_000315,1,2,Mrs. Sinai (Miriam Sternin) Kantor,female,24,1,0,26,30.68,2
ri_000316,0,2,Dr. Ernest Moraweck,male,54,,0,14,16.8,1
ri_000317,1,1,Miss. Mary Natalie Wick,female,31,0,2,,197.84,3
ri_000318,1,1,Mrs. Frederic Oakley (Margaretta Corning Stone) Spedden,female,40,1,1,134.5,160.055,3
ri_000319,0,3,Mr. Samuel Dennis,male,,0,0,7.25,8.555,1
ri_000320,0,3,Mr. Yoto Danoff,male,,0,0,7.8958,8.9223,1
ri_000321,1,2,Miss. Hilda Mary Slayter,female,30,0,0,12.35,14.079,1
ri_000322,1,2,Mrs. Albert Francis (Sylvia Mae Harbaugh) Caldwell,female,,1,1,29,34.22,3
ri_000323,0,3,Mr. George John Jr Sage,male,,8,2,69.55,79.287,11
ri_000324,1,1,Miss. Marie Grice Young,female,36,0,0,135.6333,162.76,1
ri_000325,0,3,Mr. Johan Hansen Nysveen,male,,0,0,6.2375,7.1731,1
ri_000326,1,2,Mrs. (Ada E Hall) Ball,,36,0,0,13,14.69,1
ri_000327,1,3,Mrs. Frank John (Emily Alice Brown) Goldsmith,female,31,1,1,20.525,24.4248,3
ri_000328,1,1,Miss. Jean Gertrude Hippach,female,16,,1,57.9792,68.9952,2
ri_000329,1,3,Miss. Agnes McCoy,female,28,2,0,,26.2725,3
ri_000330,0,1,Mr. Austen Partner,male,45.5,0,0,28.5,32.205,1
ri_000331,0,1,Mr. George Edward Graham,male,38,0,1,153.4625,178.0165,2
ri_000332,0,3,Mr. Leo Edmondus Vander Planke,male,,2,0,18,21.06,3
ri_000333,1,1,Mrs. Henry William (Clara Heinsheimer) Frauenthal,female,42,1,0,133.65,156.3705,2
ri_000334,0,3,Mr. Mitto Denkoff,male,,0,0,7.8958,8.8433,1
ri_000335,0,1,Mr. Thomas Clinton Pears,male,29,1,0,66.6,76.59,2
ri_000336,1,1,Miss. Elizabeth Margaret Burns,female,41,0,0,134.5,158.71,1
ri_000337,1,3,Mr. Karl Edwart Dahl,male,,0,0,8.05,9.66,1
ri_000338,0,1,Mr. Stephen Weart Blackwell,,45,0,0,35.5,41.89,1
ri_000339,1,2,Master. Edmond Roger Navratil,male,2,1,1,26,29.38,3
ri_000340,1,1,Miss. Alice Elizabeth Fortune,female,,3,2,263,297.19,6
ri_000341,0,2,Mr. Erik Gustaf Collander,,28,0,0,13,14.3,1
ri_000342,0,2,Mr. Charles Frederick Waddington Sedgwick,male,25,0,0,13,14.69,1
ri_000343,0,2,Mr. Stanley Hubert Fox,male,36,0,0,13,14.43,1
ri_000344,1,2,Miss. Amelia Brown,female,24,0,0,13,15.21,1
ri_000345,1,2,Miss. Marion Elsie Smith,female,40,,0,13,14.43,1
ri_000346,1,3,Mrs. Thomas Henry (Mary E Finck) Davison,female,34,1,0,16.1,18.998,2
ri_000347,1,3,Master. William Loch Coutts,male,3,1,1,15.9,18.762,3
ri_000348,0,3,Mr. Jovan Dimic,male,42,0,0,8.6625,9.702,1
ri_000349,0,3,Mr. Nils Martin Odahl,male,23,0,0,9.225,10.1475,1
ri_000350,0,1,Mr. Fletcher Fellows Williams-Lambert,male,43,0,0,35,38.85,1
ri_000351,0,3,Mr. Tannous Elias,male,15,1,1,7.2292,8.2413,3
ri_000352,0,3,Mr. Josef Arnold-Franchi,male,25,1,0,17.8,20.114,2
ri_000353,0,3,Mr. Wazli Yousif,male,23,0,0,7.225,8.0198,1
ri_000354,0,3,Mr. Leo Peter Vanden Steen,male,28,0,0,9.5,11.02,1
ri_000355,1,1,Miss. Elsie Edith Bowerman,female,22,0,1,55,64.35,2
ri_000356,0,2,Miss. Annie Clemmer Funk,female,38,0,0,13,14.82,1
ri_000357,1,3,Miss. Mary McGovern,female,22,0,0,7.8792,8.7459,1
ri_000358,1,3,Miss. Helen Mary Mockler,female,23,0,0,7.8792,8.8247,1
ri_000359,0,3,Mr. Wilhelm Skoog,male,40,1,4,27.9,33.201,6
ri_000360,0,2,Mr. Sebastiano del Carlo,male,29,1,0,27.7208,31.3245,2
ri_000361,0,3,Mrs. (Catherine David) Barbara,female,45,0,1,14.4542,17.056,2
ri_000362,0,3,Mr. Adola Asim,male,35,0,0,7.05,8.3895,1
ri_000363,0,3,Mr. Thomas O'Brien,male,27,1,0,15.5,17.36,2
ri_000364,0,3,Mr. Mauritz Nils Martin Adahl,male,30,0,0,7.25,8.41,1
ri_000365,1,1,Mrs. Frank Manley (Anna Sophia Atkinson) Warren,female,60,1,0,75.25,85.785,2
ri_000366,1,3,Mrs. (Mantoura Boulos) Moussa,female,35,0,0,7.2292,8.675,1
ri_000367,1,3,Miss. Annie Jermyn,female,22,0,0,7.75,9.0675,1
ri_000368,1,1,Mme. Leontine Pauline Aubart,female,24,0,0,69.3,76.23,1
ri_000369,1,1,Mr. George Achilles Harder,male,25,1,0,55.4417,62.0947,2
ri_000370,0,3,Mr. Jakob Alfred Wiklund,male,18,1,0,6.4958,7.5351,2
ri_000371,0,3,Mr. William Thomas Beavan,male,19,0,0,8.05,9.338,1
ri_000372,0,1,Mr. Sante Ringhini,male,22,0,0,135.6333,151.9093,1
ri_000373,,3,Miss. Stina Viola Palsson,female,3,3,1,21.075,23.8148,5
ri_000374,1,1,Mrs. Edgar Joseph (Leila Saks) Meyer,female,25,1,0,82.1708,90.3879,2
ri_000375,1,3,Miss. Aurora Adelia Landergren,female,22,0,0,7.25,8.41,
ri_000376,0,1,Mr. Harry Elkins Widener,male,27,0,2,211.5,232.65,3
ri_000377,0,3,Mr. Tannous Betros,male,20,0,0,4.0125,4.4138,1
ri_000378,0,3,Mr. Karl Gideon Gustafsson,male,19,0,0,7.775,8.7858,1
ri_000379,1,1,Miss. Rosalie Bidois,female,42,0,0,227.525,270.7548,1
ri_000380,1,3,Miss. Maria Nakid,female,1,0,2,15.7417,18.89,3
ri_000381,0,3,Mr. Juho Tikkanen,male,32,0,0,7.925,8.9553,1
ri_000382,1,1,Mrs. Alexander Oskar (Mary Aline Towner) Holverson,female,35,1,0,52,60.32,2
ri_000383,0,3,Mr. Vasil Plotcharsky,male,27,0,0,7.8958,9.0012,
ri_000384,0,2,Mr. Charles Henry Davies,male,18,0,0,73.5,84.525,
ri_000385,0,3,Master. Sidney Leonard Goodwin,male,1,5,2,46.9,52.997,8
ri_000386,1,2,Miss. Kate Buss,female,36,,0,13,15.08,
ri_000387,0,3,Mr. Matthew Sadlier,male,19,0,0,7.7292,9.275,
ri_000388,1,2,Miss. Bertha Lehmann,female,17,0,0,12,14.04,1
ri_000389,1,1,Mr. William Ernest Carter,male,36,,2,120,144,4
ri_000390,1,3,Mr. Carl Olof Jansson,male,21,0,0,7.7958,9.199,1
ri_000391,0,3,Mr. Johan Birger Gustafsson,male,28,,,7.925,9.4308,3
ri_000392,1,1,Miss. Marjorie Newell,female,23,1,0,113.275,133.6645,2
ri_000393,1,3,Mrs. Hjalmar (Agnes Charlotta Bengtsson) Sandstrom,female,24,0,2,16.7,18.871,3
ri_000394,0,3,Mr. Erik Johansson,male,22,0,0,7.7958,9.1211,1
ri_000395,0,3,Miss. Elina Olsson,female,31,0,,7.8542,9.3465,1
ri_000396,0,2,Mr. Peter David McKane,male,46,0,0,26,30.68,1
ri_000397,0,2,Dr. Alfred Pain,male,23,0,0,10.5,11.865,1
ri_000398,1,2,Mrs. William H (Jessie L) Trout,female,28,,0,12.65,13.915,1
ri_000399,1,3,Mr. Juha Niskanen,male,39,0,0,7.925,8.7175,1
ri_000400,0,3,Mr. John Adams,male,26,0,0,8.05,9.338,1
ri_000401,0,3,Miss. Mari Aina Jussila,female,21,1,0,9.825,11.6918,2
ri_000402,0,3,Mr. Pekka Pietari Hakkarainen,male,28,1,,15.85,17.5935,2
ri_000403,0,3,Miss. Marija Oreskovic,female,20,0,0,8.6625,10.2218,1
ri_000404,0,2,Mr. Shadrach Gale,male,34,1,0,21,24.99,2
ri_000405,0,3,Mr. Carl/Charles Peter Widegren,male,51,0,0,7.75,8.9125,1
ri_000406,1,2,Master. William Rowe Richards,male,3,1,,18.75,21,3
ri_000407,0,3,Mr. Hans Martin Monsen Birkeland,male,21,,0,7.775,8.7858,
ri_000408,0,3,Miss. Ida Lefebre,female,3,3,1,25.4667,30.0507,5
ri_000409,0,3,Mr. Todor Sdycoff,male,42,0,,7.8958,9.1591,1
ri_000410,0,3,Mr. Henry Hart,male,27,0,,6.8583,7.5441,1
ri_000411,1,1,Miss. Daisy E Minahan,female,33,1,0,90,108,2
ri_000412,0,2,Mr. Alfred Fleming Cunningham,male,,0,,0,0,
ri_000413,1,3,Mr. Johan Julian Sundman,male,44,0,0,7.925,9.51,1
ri_000414,0,3,Mrs. Thomas (Annie Louise Rowley) Meek,female,32,0,0,8.05,8.9355,1
ri_000415,1,2,Mrs. James Vivian (Lulu Thorne Christian) Drew,female,,1,1,32.5,38.35,3
ri_000416,1,2,Miss. Lyyli Karoliina Silven,female,,0,2,13,14.95,3
ri_000417,0,2,Mr. William John Matthews,male,,0,0,13,15.21,1
ri_000418,0,3,Miss. Catharina Van Impe,female,10,0,2,24.15,28.014,3
ri_000419,0,3,Mr. David Charters,male,,0,0,7.7333,8.6613,1
ri_000420,0,3,Mr. Leo Zimmerman,male,29,0,0,,9.3713,
ri_000421,0,3,Mrs. Ernst Gilbert (Anna Sigrid Maria Brogren) Danbom,female,28,1,1,14.4,15.84,3
ri_000422,0,3,Mr. Viktor Richard Rosblom,male,,,1,,22.638,3
ri_000423,0,3,Mr. Phillippe Wiseman,male,54,0,,7.25,8.6275,1
ri_000424,1,2,Mrs. Charles V (Ada Maria Winfield) Clarke,female,,1,0,26,30.42,2
ri_000425,1,2,Miss. Kate Florence Phillips,female,,0,,26,28.6,1
ri_000426,0,3,Mr. James Flynn,male,,0,0,7.75,9.3,1
ri_000427,1,3,Mr. Berk (Berk Trembisky) Pickard,male,32,0,0,8.05,8.9355,1
ri_000428,1,1,Mr. Mauritz Hakan Bjornstrom-Steffansson,male,,0,0,26.55,31.86,1
ri_000429,1,3,Mrs. Percival (Florence Kate White) Thorneycroft,female,,1,0,16.1,17.71,
ri_000430,1,2,Mrs. Charles Alexander (Alice Adelaide Slow) Louch,female,42,1,0,,29.12,2
ri_000431,0,3,Mr. Nikolai Erland Kallio,male,17,0,0,7.125,8.1225,1
ri_000432,0,1,Mr. William Baird Silvey,male,50,1,0,55.9,65.962,2
ri_000433,1,1,Miss. Lucile Polk Carter,female,14,1,2,120,144,4
ri_000434,0,3,Miss. Doolina Margaret Ford,female,21,2,2,34.375,38.8438,5
ri_000435,1,2,Mrs. Sidney (Emily Hocking) Richards,female,24,2,3,18.75,20.625,6
ri_000436,0,1,Mr. Mark Fortune,male,64,1,4,263,297.19,6
ri_000437,0,2,Mr. Johan Henrik Johannesson Kvillner,male,31,0,0,10.5,11.865,1
ri_000438,1,2,Mrs. Benjamin (Esther Ada Bloomfield) Hart,female,45,1,1,26.25,30.45,3
ri_000439,0,3,Mr. Leon Hampe,male,20,0,0,9.5,10.545,1
ri_000440,0,3,Mr. Johan Emil Petterson,male,25,1,0,7.775,9.33,2
ri_000441,1,2,Ms. Encarnacion Reynaldo,female,28,,0,13,15.47,1
ri_000442,1,3,Mr. Bernt Johannesen-Bratthammer,male,,0,0,,9.4105,1
ri_000443,1,1,Master. Washington Dodge,male,4,0,2,81.8583,91.6813,3
ri_000444,1,2,Miss. Madeleine Violet Mellinger,female,13,0,1,19.5,21.84,2
ri_000445,1,1,Mr. Frederic Kimber Seward,male,34,0,0,26.55,30.5325,1
ri_000446,1,3,Miss. Marie Catherine Baclini,female,5,2,1,19.2583,22.9174,
ri_000447,1,1,Major. Arthur Godfrey Peuchen,male,52,0,0,30.5,35.075,1
ri_000448,0,2,Mr. Edwy Arthur West,male,36,1,2,27.75,31.08,4
ri_000449,0,3,Mr. Ingvald Olai Olsen Hagland,male,28,1,0,19.9667,21.9634,2
ri_000450,0,1,Mr. Benjamin Laventall Foreman,male,30,,0,27.75,32.4675,1
ri_000451,1,1,Mr. Samuel L Goldenberg,male,49,1,0,89.1042,100.6877,2
ri_000452,0,3,Mr. Joseph Peduzzi,male,24,0,0,8.05,9.5795,1
ri_000453,1,3,Mr. Ivan Jalsevac,male,29,0,0,7.8958,9.396,1
ri_000454,0,1,Mr. Francis Davis Millet,male,65,0,0,26.55,30.0015,
ri_000455,1,1,Mrs. Frederick R (Marion) Kenyon,female,41,1,0,51.8625,59.1233,2
ri_000456,1,2,Miss. Ellen Toomey,female,50,0,0,10.5,11.655,1
ri_000457,0,3,Mr. Maurice O'Connor,male,17,0,0,7.75,9.3,1
ri_000458,1,1,Mr. Harry Anderson,male,48,0,0,26.55,29.4705,1
ri_000459,0,3,Mr. William Morley,male,34,0,0,8.05,9.4185,1
ri_000460,0,1,Mr. Arthur H Gee,male,47,0,0,38.5,44.275,1
ri_000461,0,2,Mr. Jacob Christian Milling,male,48,0,0,13,14.56,1
ri_000462,0,3,Mr. Simon Maisner,male,34,0,0,8.05,8.9355,1
ri_000463,0,3,Mr. Manuel Estanslas Goncalves,male,38,0,0,7.05,7.755,1
ri_000464,0,2,Mr. William Campbell,male,21,0,0,0,0,1
ri_000465,0,1,Mr. John Montgomery Smart,male,56,0,0,26.55,30.798,1
ri_000466,0,3,Mr. James Scanlan,male,22,0,0,7.725,8.961,1
ri_000467,1,3,Miss. Helene Barbara Baclini,female,0.75,2,1,,22.7248,4
ri_000468,0,3,Mr. Arthur Keefe,male,39,0,0,7.25,8.265,1
ri_000469,0,3,Mr. Luka Cacic,male,38,0,0,8.6625,9.5288,
ri_000470,1,2,Mrs. Edwy Arthur (Ada Mary Worth) West,female,33,1,2,,32.745,4
ri_000471,1,2,Mrs. Amin S (Marie Marthe Thuillard) Jerwan,female,23,0,0,13.7917,16.55,1
ri_000472,0,3,Miss. Ida Sofia Strandberg,female,22,0,0,9.8375,11.6083,1
ri_000473,0,1,Mr. George Quincy Clifford,male,40,0,0,52,61.36,1
ri_000474,0,2,Mr. Peter Henry Renouf,male,34,1,0,21,23.1,2
ri_000475,0,3,Mr. Lewis Richard Braund,male,29,1,0,7.0458,7.8913,2
ri_000476,0,3,Mr. Nils August Karlsson,male,22,0,0,7.5208,8.2729,
ri_000477,1,3,Miss. Hildur E Hirvonen,female,2,0,1,12.2875,14.2535,2
ri_000478,0,3,Master. Harold Victor Goodwin,male,9,5,2,46.9,52.997,8
ri_000479,0,2,Mr. Anthony Wood Frost,male,37,0,0,0,0,1
ri_000480,0,3,Mr. Richard Henry Rouse,male,50,0,0,8.05,9.66,1
ri_000481,1,3,Mrs. (Hedwig) Turkula,female,63,0,0,,11.1215,
ri_000482,1,1,Mr. Dickinson H Bishop,male,25,1,0,91.0792,106.5627,2
ri_000483,0,3,Miss. Jeannie Lefebre,female,8,3,1,25.4667,30.0507,5
ri_000484,1,1,Mrs. Frederick Maxfield (Jane Anne Forby) Hoyt,female,35,1,0,90,101.7,2
ri_000485,0,1,Mr. Edward Austin Kent,male,58,0,0,29.7,34.452,1
ri_000486,0,3,Mr. Francis William Somerton,male,30,0,0,8.05,8.855,1
ri_000487,1,3,Master. Eden Leslie Coutts,male,9,1,1,15.9,18.285,3
ri_000488,0,3,Mr. Konrad Mathias Reiersen Hagland,,19,1,0,19.9667,22.5624,2
ri_000489,0,3,Mr. Einar Windelov,,21,0,0,7.25,8.265,1
ri_000490,0,1,Mr. Harry Markland Molson,male,55,0,0,30.5,33.855,1
ri_000491,0,1,Mr. Ramon Artagaveytia,,71,0,0,49.5042,54.4546,1
ri_000492,0,3,Mr. Edward Roland Stanley,male,21,0,0,8.05,9.4185,1
ri_000493,0,3,Mr. Gerious Yousseff,male,26,0,0,14.4583,16.1933,1
ri_000494,1,1,Miss. Elizabeth Mussey Eustis,,54,1,0,78.2667,92.3547,2
ri_000495,0,3,Mr. Frederick William Shellard,male,55,0,0,15.1,16.912,1
ri_000496,0,1,Mrs. Hudson J C (Bessie Waldo Daniels) Allison,female,25,1,2,151.55,171.2515,4
ri_000497,0,3,Mr. Olof Svensson,male,24,0,0,7.7958,9.277,
ri_000498,0,3,Mr. Petar Calic,male,17,0,0,8.6625,9.7886,1
ri_000499,0,3,Miss. Mary Canavan,female,21,0,0,7.75,8.525,1
ri_000500,0,3,Miss. Bridget Mary O'Sullivan,female,21,0,0,7.6292,8.6973,1
ri_000501,0,3,Miss. Kristina Sofia Laitinen,female,37,0,0,9.5875,11.505,1
ri_000502,1,1,Miss. Roberta Maioni,female,16,0,0,86.5,99.475,1
ri_000503,0,1,Mr. Victor de Satode Penasco y Castellana,male,18,1,0,108.9,129.591,2
ri_000504,1,2,Mrs. Frederick Charles (Jane Richards) Quick,female,33,0,2,26,31.2,3
ri_000505,1,1,Mr. George Bradley,male,37,0,0,26.55,31.5945,1
ri_000506,0,3,Mr. Henry Margido Olsen,male,28,0,0,22.525,25.6785,
ri_000507,1,3,Mr. Fang Lang,male,26,0,0,56.4958,64.4052,1
ri_000508,1,3,Mr. Eugene Patrick Daly,male,29,0,0,7.75,9.2225,1
ri_000509,0,3,Mr. James Webber,male,66,0,0,8.05,8.9355,1
ri_000510,1,1,Mr. James Robert McGough,male,36,0,0,26.2875,29.442,1
ri_000511,1,1,Mrs. Martin (Elizabeth L. Barrett) Rothschild,female,54,1,0,59.4,71.28,2
ri_000512,0,3,Mr. Satio Coleff,male,24,0,0,7.4958,8.6951,1
ri_000513,0,1,Mr. William Anderson Walker,male,47,0,0,34.0208,39.8043,1
ri_000514,1,2,Mrs. (Amelia Milley) Lemore,female,34,0,0,10.5,12.39,1
ri_000515,0,3,Mr. Patrick Ryan,male,30,,0,24.15,28.2555,1
ri_000516,1,2,Mrs. William A (Florence Agnes Hughes) Angle,female,36,1,0,26,28.86,2
ri_000517,0,3,Mr. Stefo Pavlovic,male,32,0,0,7.8958,9.2381,
ri_000518,1,1,Miss. Anne Perreault,female,30,0,0,93.5,107.525,1
ri_000519,0,3,Mr. Janko Vovk,male,22,,0,7.8958,9.396,
ri_000520,0,3,Mr. Sarkis Lahoud,male,35,0,0,7.225,8.1643,
ri_000521,1,1,Mrs. Louis Albert (Ida Sophia Fischer) Hippach,female,44,0,1,57.9792,66.6761,2
ri_000522,0,3,Mr. Fared Kassem,male,18,0,0,7.2292,8.3859,1
ri_000523,0,3,Mr. James Farrell,male,40.5,0,0,7.75,8.525,1
ri_000524,1,2,Miss. Lucy Ridsdale,female,50,0,0,10.5,11.865,
ri_000525,0,1,Mr. John Farthing,male,49,0,0,221.7792,263.9172,1
ri_000526,0,3,Mr. Johan Werner Salonen,male,39,0,0,7.925,8.7175,1
ri_000527,0,2,Mr. Richard George Hocking,male,23,2,1,11.5,13.455,4
ri_000528,1,2,Miss. Phyllis May Quick,female,2,1,1,,30.16,3
ri_000529,0,3,Mr. Nakli Toufik,male,17,0,0,,8.3859,1
ri_000530,0,3,Mr. Joseph Jr Elias,male,17,,1,7.2292,8.169,3
ri_000531,1,3,Mrs. Catherine (Catherine Rizk) Peter,female,24,0,2,,26.6064,3
ri_000532,0,3,Miss. Marija Cacic,female,30,0,0,8.6625,10.3084,1
ri_000533,1,2,Miss. Eva Miriam Hart,female,7,0,2,26.25,29.6625,3
ri_000534,0,1,Major. Archibald Willingham Butt,male,45,0,0,26.55,31.5945,1
ri_000535,1,1,Miss. Bertha LeRoy,female,30,0,0,106.425,123.453,1
ri_000536,0,3,Mr. Samuel Beard Risien,male,69,0,0,14.5,15.95,1
ri_000537,1,1,Miss. Hedwig Margaritha Frolicher,female,22,0,,49.5,54.945,3
ri_000538,1,1,Miss. Harriet R Crosby,female,36,0,2,,83.78,3
ri_000539,0,3,Miss. Ingeborg Constanzia Andersson,female,9,4,2,31.275,35.028,7
ri_000540,0,3,Miss. Sigrid Elisabeth Andersson,female,11,4,2,31.275,37.2173,7
ri_000541,1,2,Mr. Edward Beane,male,32,1,0,26,30.16,2
ri_000542,0,1,Mr. Walter Donald Douglas,male,50,1,0,106.425,121.3245,2
ri_000543,0,1,Mr. Arthur Ernest Nicholson,male,64,0,0,26,29.12,1
ri_000544,1,2,Mrs. Edward (Ethel Clarke) Beane,female,19,1,,26,28.86,2
ri_000545,1,2,Mr. Julian Padro y Manent,male,27,0,,13.8625,16.635,1
ri_000546,0,3,Mr. Frank John Goldsmith,male,33,,1,20.525,23.3985,3
ri_000547,1,2,Master. John Morgan Jr Davies,male,8,1,1,36.75,42.2625,3
ri_000548,1,1,Mr. John Borland Jr Thayer,male,17,0,,110.8833,130.8423,3
ri_000549,0,2,Mr. Percival James R Sharp,male,27,0,0,,31.2,1
ri_000550,0,3,Mr. Timothy O'Brien,male,21,0,0,7.8292,8.6904,1
ri_000551,1,3,Mr. Fahim Leeni,male,22,0,0,7.225,7.9475,1
ri_000552,1,3,Miss. Velin Ohman,female,22,0,0,7.775,8.5525,1
ri_000553,0,1,Mr. George Wright,male,62,0,0,26.55,31.0635,1
ri_000554,1,1,Lady. (Lucille Christiana Sutherland)Duff Gordon,female,48,1,0,39.6,45.54,2
ri_000555,0,1,Mr. Victor Robbins,male,45,0,0,227.525,259.3785,1
ri_000556,1,1,Mrs. Emil (Tillie Mandelbaum) Taussig,female,39,1,1,79.65,88.4115,3
ri_000557,1,3,Mrs. Guillaume Joseph (Emma) de Messemaeker,female,36,1,0,17.4,19.488,2
ri_000558,0,3,Mr. Thomas Rowan Morrow,male,30,0,0,7.75,9.2225,1
ri_000559,0,3,Mr. Husein Sivic,male,40,0,0,7.8958,9.2381,1
ri_000560,0,2,Mr. Robert Douglas Norman,male,28,,0,13.5,15.66,1
ri_000561,0,3,Mr. John Simmons,male,40,0,0,8.05,9.66,1
ri_000562,0,3,Miss. (Marion Ogden) Meanwell,female,62,0,0,8.05,9.016,1
ri_000563,0,3,Mr. Alfred J Davies,male,24,2,0,24.15,28.497,3
ri_000564,0,3,Mr. Ilia Stoytcheff,male,19,0,0,,9.317,1
ri_000565,0,3,Mrs. Nils (Alma Cornelia Berglund) Palsson,female,29,0,4,,23.1825,5
ri_000566,0,3,Mr. Tannous Doharr,male,28,0,0,,8.3859,1
ri_000567,1,3,Mr. Carl Jonsson,male,32,0,0,7.8542,9.425,1
ri_000568,1,2,Mr. George Harris,male,62,0,0,10.5,11.655,1
ri_000569,1,1,Mrs. Edward Dale (Charlotte Lamson) Appleton,female,53,2,0,51.4792,59.2011,
ri_000570,1,1,Mr. John Irwin Flynn,male,36,0,0,26.3875,29.0263,1
ri_000571,1,3,Miss. Mary Kelly,female,22,0,0,7.75,8.68,1
ri_000572,0,3,Mr. Alfred George John Rush,male,16,0,0,8.05,9.338,1
ri_000573,,3,Mr. George Patchett,male,19,0,0,14.5,17.4,1
ri_000574,1,2,Miss. Ethel Garside,female,34,,0,13,14.82,1
ri_000575,1,1,Mrs. William Baird (Alice Munger) Silvey,female,39,1,0,,61.49,
ri_000576,0,3,Mrs. Joseph (Maria Elias) Caram,female,18,1,0,14.4583,16.0487,2
ri_000577,1,3,Mr. Eiriik Jussila,male,32,0,0,7.925,9.4308,1
ri_000578,1,2,Miss. Julie Rachel Christy,female,25,1,1,30,33,3
ri_000579,1,1,Mrs. John Borland (Marian Longstreth Morris) Thayer,female,39,1,1,110.8833,128.6246,3
ri_000580,0,2,Mr. William James Downton,male,54,0,0,,29.9,1
ri_000581,0,1,Mr. John Hugo Ross,male,36,0,0,40.125,46.9463,1
ri_000582,0,,Mr. Uscher Paulner,male,16,0,0,8.7125,9.758,1
ri_000583,1,1,Miss. Ruth Taussig,female,18,0,2,79.65,90.801,3
ri_000584,0,2,Mr. John Denzil Jarvis,male,47,0,0,15,17.85,1
ri_000585,1,1,Mr. Maxmillian Frolicher-Stehli,male,60,1,1,79.2,88.704,3
ri_000586,0,3,Mr. Eliezer Gilinski,male,22,0,0,8.05,8.9355,1
ri_000587,0,3,Mr. Joseph Murdlin,male,22,0,0,8.05,9.2575,1
ri_000588,0,3,Mr. Matti Rintamaki,male,35,0,0,7.125,8.55,1
ri_000589,1,1,Mrs. Walter Bertram (Martha Eustis) Stephenson,female,52,1,0,78.2667,92.3547,2
ri_000590,0,,Mr. William James Elsbury,male,47,,0,7.25,8.12,1
ri_000591,0,3,Miss. Mary Bourke,female,40,0,2,7.75,9.2225,3
ri_000592,0,2,Mr. John Henry Chapman,male,37,1,0,26,29.12,
ri_000593,0,3,Mr. Jean Baptiste Van Impe,male,36,1,1,24.15,26.8065,
ri_000594,1,2,Miss. Jessie Wills Leitch,female,31,0,0,33,39.27,1
ri_000595,0,3,Mr. Alfred Johnson,male,49,0,0,0,0,
ri_000596,0,3,Mr. Hanna Boulos,male,18,0,0,7.225,7.9475,1
ri_000597,1,1,Sir. Cosmo Edmund Duff Gordon,male,49,1,0,,68.315,
ri_000598,1,,Mrs. Sidney Samuel (Amy Frances Christy) Jacobsohn,female,24,2,1,27,31.59,4
ri_000599,0,3,Mr. Petco Slabenoff,male,42,0,0,7.8958,9.1591,1
ri_000600,0,1,Mr. Charles H Harrington,male,37,0,0,42.4,50.456,1
ri_000601,0,3,Mr. Ernst William Torber,male,44,0,0,,9.0965,1
ri_000602,1,1,Mr. Harry Homer,male,35,0,0,26.55,31.329,1
ri_000603,0,3,Mr. Edvard Bengtsson Lindell,male,36,1,0,,17.8825,2
ri_000604,0,3,Mr. Milan Karaic,male,30,0,0,7.8958,9.317,1
ri_000605,1,1,Mr. Robert Williams Daniel,male,27,0,0,30.5,35.075,1
ri_000606,1,2,Mrs. Joseph (Juliette Marie Louise Lafargue) Laroche,female,22,1,2,41.5792,46.9845,4
ri_000607,1,1,Miss. Elizabeth W Shutes,female,40,0,0,153.4625,181.0858,1
ri_000608,0,3,Mrs. Anders Johan (Alfrida Konstantia Brogren) Andersson,female,39,1,5,31.275,34.7153,7
ri_000609,0,3,Mr. Jose Neto Jardin,male,21,0,0,7.05,8.3895,1
ri_000610,1,3,Miss. Margaret Jane Murphy,female,18,1,0,,17.98,2
ri_000611,0,3,Mr. John Horgan,male,22,0,0,7.75,9.2225,1
ri_000612,0,3,Mr. William Alfred Brocklebank,male,35,0,0,8.05,9.5795,1
ri_000613,1,2,Miss. Alice Herman,female,24,1,2,65,73.45,4
ri_000614,0,3,Mr. Ernst Gilbert Danbom,male,34,1,1,14.4,16.704,3
ri_000615,0,3,Mrs. William Arthur (Cordelia K Stanlick) Lobb,female,26,1,0,16.1,18.354,2
ri_000616,1,2,Miss. Marion Louise Becker,female,4,2,,39,45.24,4
ri_000617,0,2,Mr. Lawrence Gavey,male,26,0,,10.5,11.55,1
ri_000618,0,3,Mr. Antoni Yasbeck,male,27,1,0,14.4542,16.0442,2
ri_000619,1,1,Mr. Edwin Nelson Jr Kimball,male,42,1,,52.5542,63.065,2
ri_000620,1,3,Mr. Sahid Nakid,male,20,1,,15.7417,18.89,3
ri_000621,0,3,Mr. Henry Damsgaard Hansen,male,21,0,0,7.8542,9.425,1
ri_000622,0,3,Mr. David John Bowen,male,21,0,0,16.1,18.193,1
ri_000623,0,1,Mr. Frederick Sutton,male,61,0,0,32.3208,36.5225,1
ri_000624,0,2,Rev. Charles Leonard Kirkland,male,57,0,0,,14.2025,1
ri_000625,1,1,Miss. Gretchen Fiske Longley,female,21,0,0,77.9583,86.5337,1
ri_000626,0,3,Mr. Guentcho Bostandyeff,male,26,0,0,7.8958,9.2381,1
ri_000627,0,3,Mr. Patrick D O'Connell,,18,,0,7.7333,8.7386,1
ri_000628,1,1,Mr. Algernon Henry Wilson Barkworth,male,80,0,0,30,34.5,1
ri_000629,0,3,Mr. Johan Svensson Lundahl,male,51,0,0,7.0542,8.324,1
ri_000630,1,1,Dr. Max Stahelin-Maeglin,,32,,0,30.5,33.55,1
ri_000631,0,1,Mr. William Henry Marsh Parr,male,30,0,0,,0,1
ri_000632,0,3,Miss. Mabel Skoog,female,9,,2,27.9,31.248,6
ri_000633,1,2,Miss. Mary Davis,female,28,0,0,13,15.08,1
ri_000634,0,3,Mr. Antti Gustaf Leinonen,male,32,0,0,7.925,9.2723,1
ri_000635,0,2,Mr. Harvey Collyer,,31,1,1,26.25,29.1375,3
ri_000636,0,3,Mrs. Juha (Maria Emilia Ojala) Panula,female,41,0,5,39.6875,44.0531,6
ri_000637,0,3,Mr. Percival Thorneycroft,,37,1,0,16.1,18.837,2
ri_000638,0,3,Mr. Hans Peder Jensen,,20,0,0,7.8542,9.268,1
ri_000639,1,1,Mlle. Emma Sagesser,,24,0,0,69.3,79.695,1
ri_000640,0,3,Miss. Margit Elizabeth Skoog,,2,3,2,27.9,32.922,6
ri_000641,1,3,Mr. Choong Foo,male,32,0,0,56.4958,63.8403,1
ri_000642,1,3,Miss. Eugenie Baclini,female,0.75,2,1,,23.11,4
ri_000643,1,1,Mr. Henry Sleeper Harper,,48,,,76.7292,86.704,2
ri_000644,0,3,Mr. Liudevit Cor,male,19,0,,7.8958,9.317,1
ri_000645,1,1,Col. Oberst Alfons Simonius-Blumer,male,56,0,,35.5,39.05,1
ri_000646,0,3,Mr. Edward Willey,male,21,0,0,7.55,8.607,1
ri_000647,1,3,Miss. Amy Zillah Elsie Stanley,female,23,0,,7.55,8.456,1
ri_000648,0,3,Mr. Mito Mitkoff,male,23,0,0,7.8958,8.7643,1
ri_000649,1,,Miss. Elsie Doling,female,18,0,1,23,26.91,2
ri_000650,0,,Mr. Johannes Halvorsen Kalvik,male,21,0,0,8.4333,10.12,1
ri_000651,1,,Miss. Hanora O'Leary,female,16,0,0,7.8292,8.9253,1
ri_000652,0,3,Miss. Hanora Hegarty,female,18,0,0,,8.0325,1
ri_000653,0,2,Mr. Leonard Mark Hickman,male,24,2,0,73.5,85.26,3
ri_000654,0,,Mr. Alexander Radeff,male,27,,,7.8958,9.396,1
ri_000655,0,3,Mrs. John (Catherine) Bourke,female,32,1,1,15.5,17.98,3
ri_000656,0,2,Mr. George Floyd Eitemiller,male,23,0,0,13,14.43,1
ri_000657,0,1,Mr. Arthur Webster Newell,male,58,0,2,113.275,125.7353,3
ri_000658,1,1,Dr. Henry William Frauenthal,male,50,2,0,133.65,156.3705,3
ri_000659,0,3,Mr. Mohamed Badt,male,40,0,0,7.225,8.0198,1
ri_000660,0,1,Mr. Edward Pomeroy Colley,male,47,0,0,25.5875,30.1933,1
ri_000661,0,3,Mr. Peju Coleff,male,36,0,0,7.4958,8.5452,1
ri_000662,1,3,Mr. Eino William Lindqvist,male,20,1,0,7.925,8.9553,2
ri_000663,0,2,Mr. Lewis Hickman,male,32,,0,73.5,87.465,3
ri_000664,0,2,Mr. Reginald Fenton Butler,male,25,0,,,14.95,1
ri_000665,0,3,Mr. Knud Paust Rommetvedt,male,49,0,0,7.775,8.9413,1
ri_000666,0,3,Mr. Jacob Cook,male,43,0,0,8.05,9.499,1
ri_000667,1,1,Mrs. Elmer Zebley (Juliet Cummins Wright) Taylor,female,48,1,0,52,61.36,
ri_000668,1,2,Mrs. Thomas William Solomon (Elizabeth Catherine Ford) Brown,female,40,1,1,39,45.63,3
ri_000669,0,1,Mr. Thornton Davidson,male,31,,0,52,59.8,2
ri_000670,0,2,Mr. Henry Michael Mitchell,male,70,0,0,10.5,11.97,
ri_000671,1,2,Mr. Charles Wilhelms,male,31,0,0,13,15.6,1
ri_000672,0,2,Mr. Ennis Hastings Watson,male,19,0,0,0,0,1
ri_000673,0,3,Mr. Gustaf Hjalmar Edvardsson,male,18,0,0,7.775,8.5525,1
ri_000674,0,3,Mr. Frederick Charles Sawyer,male,24.5,0,0,8.05,9.0965,1
ri_000675,1,3,Miss. Anna Sofia Turja,female,18,0,0,,11.0227,1
ri_000676,0,3,Mrs. Frederick (Augusta Tyler) Goodwin,female,43,1,6,46.9,51.59,8
ri_000677,1,1,Mr. Thomas Drake Martinez Cardeza,male,36,0,1,512.3292,584.0553,2
ri_000678,0,3,Miss. Katie Peters,female,28,,0,8.1375,8.9513,1
ri_000679,1,1,Mr. Hammad Hassab,male,27,0,,76.7292,91.3077,1
ri_000680,0,3,Mr. Thor Anderson Olsvigen,male,20,0,0,9.225,10.1475,1
ri_000681,0,3,Mr. Charles Edward Goodwin,male,14,5,2,46.9,56.28,8
ri_000682,0,2,Mr. Thomas William Solomon Brown,male,60,1,1,39,46.8,3
ri_000683,0,2,Mr. Joseph Philippe Lemercier Laroche,male,25,1,2,41.5792,48.6477,4
ri_000684,0,3,Mr. Jaako Arnold Panula,male,14,4,1,39.6875,44.45,6
ri_000685,0,3,Mr. Branko Dakic,male,19,0,0,10.1708,12.1033,1
ri_000686,0,3,Mr. Eberhard Thelander Fischer,male,18,0,0,7.7958,8.7313,1
ri_000687,1,1,Miss. Georgette Alexandra Madill,female,15,0,1,,238.8114,2
ri_000688,1,1,Mr. Albert Adrian Dick,male,31,1,,57,64.98,2
ri_000689,1,3,Miss. Manca Karun,female,4,0,1,13.4167,15.8317,2
ri_000690,1,3,Mr. Ali Lam,male,37,,0,,66.665,1
ri_000691,0,3,Mr. Khalil Saad,male,25,0,0,,8.092,1
ri_000692,0,1,Col. John Weir,male,60,0,0,,31.86,1
ri_000693,0,2,Mr. Charles Henry Chapman,male,52,0,0,13.5,16.065,1
ri_000694,0,3,Mr. James Kelly,male,44,0,0,8.05,9.0965,1
ri_000695,1,3,Miss. Katherine Mullens,female,19,0,0,7.7333,8.816,1
ri_000696,0,1,Mr. John Borland Thayer,,49,1,1,110.8833,127.5158,3
ri_000697,0,3,Mr. Adolf Mathias Nicolai Olsen Humblen,male,42,0,0,7.65,8.721,1
ri_000698,1,1,Mrs. John Jacob (Madeleine Talmadge Force) Astor,female,18,1,0,227.525,273.03,2
ri_000699,1,1,Mr. Spencer Victor Silverthorne,male,35,0,0,26.2875,30.2306,1
ri_000700,0,3,Miss. Saiide Barbara,female,18,0,1,14.4542,16.4778,2
ri_000701,0,3,Mr. Martin Gallagher,male,25,0,0,7.7417,8.6707,1
ri_000702,0,3,Mr. Henrik Juul Hansen,male,26,1,0,7.8542,9.425,2
ri_000703,0,2,Mr. Henry Samuel Morley,male,39,0,0,26,29.9,1
ri_000704,1,2,Mrs. Florence Kelly,female,45,0,0,,15.795,1
ri_000705,1,1,Mr. Edward Pennington Calderhead,male,42,0,,26.2875,29.7049,1
ri_000706,1,1,Miss. Alice Cleaver,female,22,0,0,151.55,180.3445,1
ri_000707,1,3,Master. Halim Gonios Moubarek,male,4,1,1,15.2458,18.1425,3
ri_000708,1,1,Mlle. Berthe Antonine Mayne,female,24,0,0,49.5042,58.415,1
ri_000709,0,1,Mr. Herman Klaber,male,41,0,0,26.55,29.4705,1
ri_000710,1,1,Mr. Elmer Zebley Taylor,male,48,1,0,52,62.4,2
ri_000711,0,3,Mr. August Viktor Larsson,male,29,0,0,9.4833,10.5265,1
ri_000712,0,2,Mr. Samuel Greenberg,male,52,0,0,13,15.08,1
ri_000713,0,3,Mr. Peter Andreas Lauritz Andersen Soholt,male,19,0,0,,8.7975,1
ri_000714,1,1,Miss. Caroline Louise Endres,female,38,0,0,227.525,250.2775,1
ri_000715,1,2,Miss. Edwina Celia Troutt,female,27,0,0,10.5,12.39,1
ri_000716,0,3,Mr. Malkolm Joackim Johnson,male,33,0,0,7.775,8.7858,1
ri_000717,1,2,Miss. Annie Jessie Harper,,6,0,1,33,38.28,2
ri_000718,0,3,Mr. Svend Lauritz Jensen,male,17,1,0,7.0542,8.3945,2
ri_000719,0,2,Mr. William Henry Gillespie,male,34,0,0,13,14.69,1
ri_000720,0,2,Mr. Henry Price Hodges,male,50,0,,13,15.08,1
ri_000721,1,1,Mr. Norman Campbell Chambers,male,27,1,0,,62.127,2
ri_000722,0,3,Mr. Luka Oreskovic,male,20,0,0,8.6625,9.8753,1
ri_000723,1,2,Mrs. Peter Henry (Lillian Jefferys) Renouf,female,30,3,0,21,24.36,4
ri_000724,1,3,Miss. Margareth Mannion,female,28,0,0,7.7375,8.8981,1
ri_000725,0,2,Mr. Kurt Arnold Gottfrid Bryhl,male,25,1,0,26,30.68,2
ri_000726,0,3,Miss. Pieta Sofia Ilmakangas,,25,1,0,7.925,9.4308,2
ri_000727,1,1,Miss. Elisabeth Walton Allen,female,29,0,0,211.3375,253.605,1
ri_000728,0,3,Mr. Houssein G N Hassan,male,11,0,0,18.7875,20.6663,1
ri_000729,0,2,Mr. Robert J Knight,male,41,0,0,0,0,1
ri_000730,0,2,Mr. William John Berriman,male,23,0,0,13,15.21,1
ri_000731,0,2,Mr. Moses Aaron Troupiansky,male,23,0,,13,14.3,
ri_000732,0,3,Mr. Leslie Williams,male,28.5,0,0,16.1,19.159,1
ri_000733,0,3,Mrs. Edward (Margaret Ann Watson) Ford,female,48,1,3,34.375,38.1563,5
ri_000734,1,1,Mr. Gustave J Lesurer,male,35,0,0,512.3292,614.795,1
ri_000735,0,3,Mr. Kanio Ivanoff,male,20,0,0,7.8958,8.7643,1
ri_000736,0,3,Mr. Minko Nankoff,male,32,0,0,7.8958,9.1591,1
ri_000737,1,1,Mr. Walter James Hawksford,,45,0,0,,33.3,1
ri_000738,0,1,Mr. Tyrell William Cavendish,male,36,1,0,78.85,87.5235,
ri_000739,1,1,Miss. Susan Parker Ryerson,female,21,2,2,262.375,293.86,5
ri_000740,0,3,Mr. Neal McNamee,male,24,1,0,16.1,17.71,
ri_000741,1,3,Mr. Juho Stranden,male,31,0,0,7.925,9.193,1
ri_000742,0,1,Capt. Edward Gifford Crosby,male,70,1,1,71,83.78,3
ri_000743,0,3,Mr. Rossmore Edward Abbott,male,16,1,1,20.25,23.085,3
ri_000744,1,2,Miss. Anna Sinkkonen,female,30,0,,13,14.3,1
ri_000745,0,1,Mr. Daniel Warner Marvin,male,19,1,0,53.1,62.127,2
ri_000746,0,3,Mr. Michael Connaghton,male,31,0,0,,8.9125,1
ri_000747,1,2,Miss. Joan Wells,,4,1,1,23,26.91,3
ri_000748,1,3,Master. Meier Moor,male,6,0,1,12.475,14.7205,2
ri_000749,0,3,Mr. Johannes Joseph Vande Velde,male,33,0,0,9.5,10.45,1
ri_000750,0,3,Mr. Lalio Jonkoff,male,23,0,0,7.8958,8.7643,1
ri_000751,1,2,Mrs. Samuel (Jane Laver) Herman,female,48,1,2,65,72.8,4
ri_000752,1,2,Master. Viljo Hamalainen,male,0.67,1,1,14.5,17.255,3
ri_000753,0,3,Mr. August Sigfrid Carlsson,,28,0,0,7.7958,8.7313,1
ri_000754,0,2,Mr. Percy Andrew Bailey,male,18,0,0,11.5,13.685,1
ri_000755,0,3,Mr. Thomas Leonard Theobald,male,34,0,0,8.05,9.338,1
ri_000756,1,1,the Countess. of (Lucy Noel Martha Dyer-Edwards) Rothes,female,33,0,0,86.5,102.935,1
ri_000757,0,3,Mr. John Garfirth,male,23,0,,14.5,16.965,1
ri_000758,0,3,Mr. Iisakki Antino Aijo Nirva,male,41,0,,7.125,7.8375,1
ri_000759,1,3,Mr. Hanna Assi Barah,male,20,0,,7.2292,8.3136,1
ri_000760,1,1,Mrs. William Ernest (Lucile Polk) Carter,female,36,1,2,120,140.4,4
ri_000761,0,3,Mr. Hans Linus Eklund,male,16,0,,7.775,8.7858,1
ri_000762,1,1,Mrs. John C (Anna Andrews) Hogeboom,female,51,1,0,77.9583,87.3133,2
ri_000763,0,1,Dr. Arthur Jackson Brewe,male,46,0,,39.6,47.52,1
ri_000764,0,3,Miss. Mary Mangan,female,30.5,0,0,7.75,8.7575,1
ri_000765,0,3,Mr. Daniel J Moran,male,28,1,0,24.15,28.497,2
ri_000766,0,3,Mr. Daniel Danielsen Gronnestad,male,32,,0,8.3625,9.9514,1
ri_000767,0,3,Mr. Rene Aime Lievens,male,24,0,0,9.5,11.115,1
ri_000768,0,,Mr. Niels Peder Jensen,,48,0,0,7.8542,8.7182,1
ri_000769,0,2,Mrs. (Mary) Mack,female,57,,0,10.5,11.655,1
ri_000770,0,3,Mr. Dibo Elias,male,29,,0,7.225,8.0198,1
ri_000771,1,2,Mrs. Elizabeth (Eliza Needs) Hocking,female,54,,3,,25.3,5
ri_000772,0,3,Mr. Pehr Fabian Oliver Malkolm Myhrman,male,18,0,0,,8.68,1
ri_000773,0,3,Mr. Roger Tobin,male,20,0,0,,8.68,1
ri_000774,,3,Miss. Virginia Ethel Emanuel,female,5,0,0,12.475,14.2215,1
ri_000775,0,3,Mr. Thomas J Kilgannon,male,22,0,0,7.7375,8.8208,1
ri_000776,1,1,Mrs. Edward Scott (Elisabeth Walton McMillan) Robert,female,43,0,1,211.3375,232.4713,2
ri_000777,1,,Miss. Banoura Ayoub,female,13,0,0,7.2292,8.3136,1
ri_000778,1,1,Mrs. Albert Adrian (Vera Gillespie) Dick,,17,1,0,57,67.26,2
ri_000779,0,1,Mr. Milton Clyde Long,male,29,0,0,,34.8,1
ri_000780,0,3,Mr. Andrew G Johnston,,35,1,2,23.45,25.795,4
ri_000781,0,3,Mr. William Ali,male,25,0,0,7.05,7.896,1
ri_000782,0,3,Mr. Abraham (David Lishin) Harmer,male,25,0,0,7.25,8.555,1
ri_000783,1,3,Miss. Anna Sofia Sjoblom,female,18,,0,7.4958,8.2454,1
ri_000784,0,3,Master. George Hugh Rice,male,8,4,1,,34.95,6
ri_000785,1,3,Master. Bertram Vere Dean,male,1,1,2,20.575,24.69,4
ri_000786,0,1,Mr. Benjamin Guggenheim,male,46,,0,79.2,88.704,1
ri_000787,0,3,Mr. Andrew Keane,male,20,0,0,7.75,9.2225,1
ri_000788,0,2,Mr. Alfred Gaskell,,16,0,0,26,29.38,1
ri_000789,0,3,Miss. Stella Anna Sage,female,21,8,2,69.55,82.069,11
ri_000790,0,1,Mr. William Fisher Hoyt,male,43,0,0,30.6958,34.6863,1
ri_000791,0,3,Mr. Ristiu Dantcheff,male,25,0,0,,9.1591,1
ri_000792,0,,Mr. Richard Otter,male,39,0,0,13,15.08,1
ri_000793,1,1,Dr. Alice (Farnham) Leader,female,49,0,0,25.9292,30.0779,1
ri_000794,1,3,Mrs. Mara Osman,female,31,0,0,8.6833,10.0726,1
ri_000795,0,3,Mr. Yousseff Ibrahim Shawah,male,30,0,0,7.2292,8.3859,1
ri_000796,0,3,Mrs. Jean Baptiste (Rosalie Paula Govaert) Van Impe,female,30,1,1,24.15,28.014,3
ri_000797,0,2,Mr. Martin Ponesell,male,34,0,0,13,14.82,1
ri_000798,1,2,Mrs. Harvey (Charlotte Annie Tate) Collyer,female,31,1,1,26.25,30.7125,3
ri_000799,1,1,Master. William Thornton II Carter,male,11,1,2,120,144,4
ri_000800,1,3,Master. Assad Alexander Thomas,male,0.42,0,1,,9.5387,2
ri_000801,1,3,Mr. Oskar Arvid Hedman,male,27,0,0,6.975,8.1608,1
ri_000802,0,3,Mr. Karl Johan Johansson,male,31,0,0,7.775,9.33,1
ri_000803,0,1,Mr. Thomas Jr Andrews,male,39,0,0,0,0,
ri_000804,0,3,Miss. Ellen Natalia Pettersson,female,18,,0,7.775,8.7858,1
ri_000805,0,2,Mr. August Meyer,male,39,0,0,13,14.43,
ri_000806,1,1,Mrs. Norman Campbell (Bertha Griggs) Chambers,female,33,1,0,53.1,58.941,2
ri_000807,0,3,Mr. William Alexander,male,26,0,0,7.8875,8.9918,1
ri_000808,0,3,Mr. James Lester,male,39,0,0,24.15,28.014,1
ri_000809,0,2,Mr. Richard James Slemen,male,35,0,0,10.5,12.39,1
ri_000810,0,3,Miss. Ebba Iris Alfrida Andersson,female,6,4,2,31.275,36.9045,7
ri_000811,0,,Mr. Ernest Portage Tomlin,male,30.5,0,0,,9.338,1
ri_000812,0,1,Mr. Richard Fry,male,39,0,0,0,0,1
ri_000813,0,3,Miss. Wendla Maria Heininen,female,23,0,0,7.925,8.9553,1
ri_000814,0,2,Mr. Albert Mallet,male,31,1,1,37.0042,40.7046,3
ri_000815,0,3,Mr. John Fredrik Alexander Holm,male,43,0,0,6.45,7.6755,1
ri_000816,0,3,Master. Karl Thorsten Skoog,male,10,3,2,27.9,33.201,6
ri_000817,1,1,Mrs. Charles Melville (Clara Jennings Gregg) Hays,female,52,1,1,93.5,111.265,3
ri_000818,1,3,Mr. Nikola Lulic,male,27,0,0,8.6625,9.5288,1
ri_000819,0,1,Jonkheer. John George Reuchlin,male,38,0,0,0,0,1
ri_000820,1,,Mrs. (Beila) Moor,female,27,,1,12.475,14.2215,2
ri_000821,0,3,Master. Urho Abraham Panula,male,2,4,1,,47.2281,
ri_000822,0,3,Mr. John Flynn,male,36,0,0,6.95,8.2705,
ri_000823,0,3,Mr. Len Lam,male,23,0,0,56.4958,64.4052,1
ri_000824,1,2,Master. Andre Mallet,male,1,0,2,37.0042,44.035,
ri_000825,1,3,Mr. Thomas Joseph McCormack,male,19,0,0,7.75,9.145,1
ri_000826,1,1,Mrs. George Nelson (Martha Evelyn) Stone,female,62,0,0,80,88,1
ri_000827,1,3,Mrs. Antoni (Selini Alexander) Yasbeck,female,15,1,0,14.4542,16.4778,2
ri_000828,1,2,Master. George Sibley Richards,male,0.83,1,1,18.75,22.5,
ri_000829,0,3,Mr. Amin Saad,male,30,0,0,7.2292,8.3859,1
ri_000830,0,3,Mr. Albert Augustsson,male,23,0,0,7.8542,9.3465,1
ri_000831,0,,Mr. Owen George Allum,male,18,0,0,8.3,9.794,1
ri_000832,1,1,Miss. Sara Rebecca Compton,female,39,1,,83.1583,93.1373,3
ri_000833,0,3,Mr. Jakob Pasic,male,21,0,0,8.6625,10.395,1
ri_000834,0,3,Mr. Maurice Sirota,male,20,0,,8.05,9.338,1
ri_000835,1,3,Mr. Chang Chip,male,32,0,,56.4958,66.665,
ri_000836,1,1,Mr. Pierre Marechal,male,29,0,0,29.7,34.749,1
ri_000837,0,3,Mr. Ilmari Rudolf Alhomaki,male,20,0,0,7.925,8.7968,1
ri_000838,0,,Mr. Thomas Charles Mudd,male,16,0,0,10.5,12.075,1
ri_000839,1,1,Miss. Augusta Serepeca,female,30,0,0,31,36.58,1
ri_000840,0,3,Mr. Peter L Lemberopolous,male,34.5,0,,6.4375,7.21,
ri_000841,0,3,Mr. Jeso Culumovic,male,17,0,0,8.6625,10.2218,1
ri_000842,0,3,Mr. Anthony Abbing,male,42,0,0,7.55,8.305,1
ri_000843,0,3,Mr. Douglas Bullen Sage,male,18,8,2,69.55,76.505,11
ri_000844,0,3,Mr. Marin Markoff,male,35,0,0,7.8958,9.475,1
ri_000845,0,2,Rev. John Harper,male,28,0,1,33,37.29,2
ri_000846,1,1,Mrs. Samuel L (Edwiga Grabowska) Goldenberg,female,40,1,0,89.1042,106.925,2
ri_000847,0,,Master. Sigvard Harald Elias Andersson,male,4,4,,,35.3408,7
ri_000848,0,3,Mr. Johan Svensson,male,74,0,0,7.775,8.5525,
ri_000849,0,3,Miss. Nourelain Boulos,female,9,1,1,,16.7704,3
ri_000850,1,1,Miss. Mary Conover Lines,female,16,0,1,,43.734,
ri_000851,0,2,Mrs. Ernest Courtenay (Lilian Hughes) Carter,female,44,1,0,,30.94,2
ri_000852,1,3,Mrs. Sam (Leah Rosen) Aks,female,18,0,1,9.35,11.1265,2
ri_000853,1,1,Mrs. George Dennick (Mary Hitchcock) Wick,female,45,1,1,164.8667,196.1914,3
ri_000854,1,,Mr. Peter Denis Daly,male,51,0,0,26.55,29.205,1
ri_000855,1,3,Mrs. Solomon (Latifa Qurban) Baclini,female,24,0,3,19.2583,21.5693,4
ri_000856,0,3,Mr. Raihed Razi,male,30,0,0,7.2292,8.6027,1
ri_000857,0,3,Mr. Claus Peter Hansen,male,41,2,0,14.1083,16.5067,3
ri_000858,0,2,Mr. Frederick Edward Giles,male,21,1,0,11.5,13.455,2
ri_000859,1,1,Mrs. Frederick Joel (Margaret Welles Barron) Swift,,48,0,0,25.9292,29.8186,1
ri_000860,0,3,Miss. Dorothy Edith Sage,female,14,8,2,69.55,77.2005,11
ri_000861,0,2,Mr. John William Gill,male,24,0,0,13,15.08,
ri_000862,1,2,Mrs. (Karolina) Bystrom,female,42,0,0,,14.3,1
ri_000863,1,2,Miss. Asuncion Duran y More,female,27,1,0,13.8583,16.4914,2
ri_000864,0,,Mr. Washington Augustus II Roebling,,31,0,0,50.4958,56.5553,1
ri_000865,0,,Mr. Philemon van Melkebeke,male,23,0,0,9.5,10.45,1
ri_000866,1,3,Master. Harold Theodor Johnson,male,4,1,1,11.1333,12.2466,3
ri_000867,0,3,Mr. Cerin Balkic,male,26,0,0,7.8958,9.317,1
ri_000868,1,1,Mrs. Richard Leonard (Sallie Monypeny) Beckwith,female,47,1,1,52.5542,62.5395,3
ri_000869,0,1,Mr. Frans Olof Carlsson,male,33,0,0,5,5.85,1
ri_000870,0,,Mr. Victor Vander Cruyssen,,47,0,0,9,10.44,
ri_000871,1,2,Mrs. Samuel (Hannah Wizosky) Abelson,female,28,1,0,24,27.6,
ri_000872,1,,Miss. Adele Kiamie Najib,female,15,0,0,7.225,8.3088,1
ri_000873,0,3,Mr. Alfred Ossian Gustafsson,male,20,0,0,9.8458,11.1258,1
ri_000874,0,3,Mr. Nedelio Petroff,male,19,0,0,7.8958,9.396,1
ri_000875,0,3,Mr. Kristo Laleff,male,23,0,0,7.8958,9.0802,1
ri_000876,1,1,Mrs. Thomas Jr (Lily Alexenia Wilson) Potter,female,56,0,1,83.1583,96.4636,2
ri_000877,1,2,Mrs. William (Imanita Parrish Hall) Shelley,,25,0,1,26,28.6,
ri_000878,0,3,Mr. Johann Markun,male,33,0,0,7.8958,8.6854,1
ri_000879,0,3,Miss. Gerda Ulrika Dahlberg,female,22,0,0,10.5167,12.0942,
ri_000880,0,2,Mr. Frederick James Banfield,male,28,0,0,10.5,12.075,
ri_000881,0,3,Mr. Henry Jr Sutehall,,25,0,0,7.05,7.896,1
ri_000882,0,,Mrs. William (Margaret Norton) Rice,,39,0,5,29.125,34.6588,6
ri_000883,0,,Rev. Juozas Montvila,male,27,0,0,13,14.69,
ri_000884,1,1,Miss. Margaret Edith Graham,,19,0,0,30,36,1
ri_000885,0,,Miss. Catherine Helen Johnston,female,7,1,2,23.45,26.0295,
ri_000886,1,1,Mr. Karl Howell Behr,male,26,0,0,30,35.4,1
ri_000887,0,3,Mr. Patrick Dooley,,32,0,0,7.75,9.0675,1